score_cutoff,approved_accounts,approval_rate,observed_bad_rate,avg_predicted_pd,total_expected_value,expected_value_per_account
560,40998,0.9148,0.0385,0.0423,2192750.58,53.48
570,38460,0.8582,0.0313,0.0354,2347498.14,61.04
580,35721,0.797,0.026,0.0299,2398902.59,67.16
590,32962,0.7355,0.0213,0.0257,2363452.67,71.7
600,29814,0.6652,0.017,0.0224,2246026.05,75.33
610,25606,0.5713,0.0136,0.0194,2014891.01,78.69
620,19720,0.44,0.0101,0.0164,1615239.41,81.91
630,11687,0.2608,0.0065,0.0133,997425.06,85.34
640,4443,0.0991,0.0054,0.0105,392857.83,88.42
